b020_90_120.png,0
b020_30_60.png,0
b020_150_180.png,0
b020_60_90.png,0
b020_180_210.png,0
b020_0_30.png,0
b020_120_150.png,0
b021_30_60.png,0
b021_150_180.png,0
b021_90_120.png,0
b021_120_150.png,0
b021_60_90.png,0
b021_180_210.png,0
b021_0_30.png,0
a014_120_150.png,0
a014_60_90.png,0
a014_180_210.png,0
a014_150_180.png,0
a014_30_60.png,0
a014_0_30.png,0
a014_90_120.png,0
a006_30_60.png,0
a006_150_180.png,0
a006_90_120.png,0
a006_60_90.png,0
a006_0_30.png,0
a016_120_150.png,0
a016_0_30.png,0
a016_180_210.png,0
a016_150_180.png,0
a016_90_120.png,0
a016_60_90.png,0
a016_30_60.png,0
b012_150_180.png,0
b012_30_60.png,0
b012_180_210.png,0
b012_90_120.png,0
b012_0_30.png,0
a026_0_30.png,0
a026_30_60.png,0
a026_60_90.png,0
a026_90_120.png,0
a026_120_150.png,0
a026_150_180.png,0
a026_180_210.png,0
a023_30_60.png,0
a023_150_180.png,0
a023_180_210.png,0
a023_0_30.png,0
a023_60_90.png,0
a023_90_120.png,0
a023_120_150.png,0
b019_180_210.png,0
b019_120_150.png,0
b019_90_120.png,0
b019_150_180.png,0
b019_60_90.png,0
b019_0_30.png,0
b019_30_60.png,0
b109_90_120.png,1
b109_30_60.png,1
b109_0_30.png,1
b109_60_90.png,1
b109_180_210.png,1
b109_210_240.png,1
b109_240_270.png,1
b109_120_150.png,1
b109_150_180.png,1
b111_163_193.png,1
b111_0_30.png,1
b111_133_163.png,1
b111_103_133.png,1
b111_43_73.png,1
b111_193_223.png,1
b111_73_103.png,1
b112_203_233.png,1
b112_113_143.png,1
b112_30_60.png,1
b112_60_90.png,1
b112_173_203.png,1
b112_143_173.png,1
b112_0_30.png,1
a104_0_30.png,1
a104_150_180.png,1
a104_90_120.png,1
a104_60_90.png,1
a104_30_60.png,1
a104_120_150.png,1
a140_120_150.png,1
a140_150_180.png,1
a140_90_120.png,1
a140_60_90.png,1
a140_30_60.png,1
a140_240_270.png,1
a140_210_240.png,1
a140_180_210.png,1
a140_0_30.png,1
b108_90_120.png,1
b108_0_30.png,1
b108_60_90.png,1
b108_30_60.png,1
a054_0_30.png,1
a054_60_90.png,1
a054_90_120.png,1
a054_120_150.png,1
a054_30_60.png,1
a045_120_150.png,1
a045_60_90.png,1
a045_0_30.png,1
a045_90_120.png,1
a045_30_60.png,1
a045_150_180.png,1
a071_120_150.png,1
a071_60_90.png,1
a071_30_60.png,1
a071_150_180.png,1
a071_90_120.png,1
a071_0_30.png,1
a106_240_270.png,2
a106_150_180.png,2
a106_180_210.png,2
a106_60_90.png,2
a106_270_300.png,2
a106_90_120.png,2
a106_30_60.png,2
a106_120_150.png,2
a107_90_120.png,2
a107_270_300.png,2
a107_60_90.png,2
a107_210_240.png,2
a107_120_150.png,2
a107_240_270.png,2
a107_180_210.png,2
a107_150_180.png,2
a107_30_60.png,2
a109_210_240.png,2
a109_0_30.png,2
a109_150_180.png,2
a109_90_120.png,2
a109_60_90.png,2
a109_120_150.png,2
a109_180_210.png,2
a052_150_180.png,2
a052_30_60.png,2
a052_120_150.png,2
a052_60_90.png,2
a052_90_120.png,2
a052_0_30.png,2
a053_90_120.png,2
a053_150_180.png,2
a053_0_30.png,2
a053_120_150.png,2
a053_60_90.png,2
a082_30_60.png,2
a082_150_180.png,2
a082_90_120.png,2
a082_60_90.png,2
a082_120_150.png,2
b056_180_210.png,2
b056_90_120.png,2
b056_150_180.png,2
b056_60_90.png,2
b056_0_30.png,2
b056_120_150.png,2
a130_90_120.png,2
a130_60_90.png,2
a130_150_180.png,2
a130_180_210.png,2
a130_210_240.png,2
a130_0_30.png,2
a130_120_150.png,2
a130_30_60.png,2
a126_120_150.png,2
a126_60_90.png,2
a126_30_60.png,2
a126_180_210.png,2
a126_90_120.png,2
a126_210_240.png,2
b097_90_120.png,3
b097_180_210.png,3
b097_240_270.png,3
b097_150_180.png,3
b097_0_30.png,3
b097_120_150.png,3
b097_30_60.png,3
b097_210_240.png,3
a101_30_60.png,3
a101_150_180.png,3
a101_90_120.png,3
a101_180_210.png,3
a101_0_30.png,3
a094_150_180.png,3
a094_60_90.png,3
a094_30_60.png,3
a094_90_120.png,3
a094_120_150.png,3
b088_60_90.png,3
b088_180_210.png,3
b088_90_120.png,3
b088_0_30.png,3
b088_150_180.png,3
b088_210_240.png,3
b045_30_60.png,3
b045_180_210.png,3
b045_0_30.png,3
b045_120_150.png,3
b045_90_120.png,3
b045_60_90.png,3
b055_137_167.png,3
b055_107_137.png,3
b055_60_90.png,3
b055_0_30.png,3
b055_30_60.png,3
b089_30_60.png,3
b089_0_30.png,3
b089_150_180.png,3
b089_120_150.png,3
b089_60_90.png,3
b089_90_120.png,3
b089_210_240.png,3
b089_180_210.png,3
a062_120_150.png,3
a062_0_30.png,3
a062_60_90.png,3
a062_90_120.png,3
a062_150_180.png,3
a062_30_60.png,3
a137_60_90.png,3
a137_90_120.png,3
a137_0_30.png,3
a137_150_180.png,3
a137_240_270.png,3
a137_270_300.png,3
a137_180_210.png,3
a137_30_60.png,3
a137_210_240.png,3
b095_60_90.png,4
b095_0_30.png,4
b095_120_150.png,4
b095_150_180.png,4
b095_180_210.png,4
b095_210_240.png,4
b095_90_120.png,4
b091_122_152.png,4
b091_0_30.png,4
b091_182_212.png,4
b091_30_60.png,4
b091_152_182.png,4
b093_180_210.png,4
b093_30_60.png,4
b093_120_150.png,4
b093_90_120.png,4
b093_60_90.png,4
b093_0_30.png,4
b093_150_180.png,4
b092_180_210.png,4
b092_120_150.png,4
b092_0_30.png,4
b092_150_180.png,4
b092_90_120.png,4
b092_30_60.png,4
b092_60_90.png,4
a005_90_120.png,4
a005_210_240.png,4
a005_30_60.png,4
a005_0_30.png,4
a005_150_180.png,4
a005_60_90.png,4
b100_0_30.png,4
b100_120_150.png,4
b100_150_180.png,4
b100_90_120.png,4
b100_60_90.png,4
b100_30_60.png,4
b098_0_30.png,4
b098_30_60.png,4
b098_120_150.png,4
b098_180_210.png,4
b098_60_90.png,4
b098_150_180.png,4
b098_210_240.png,4
b098_90_120.png,4
a128_131_161.png,4
a128_101_131.png,4
a128_41_71.png,4
a128_11_41.png,4
a128_161_191.png,4
a128_191_221.png,4
a128_71_101.png,4
a129_180_210.png,4
a129_30_60.png,4
a129_150_180.png,4
a129_60_90.png,4
a129_120_150.png,4
a129_210_240.png,4
a129_0_30.png,4
a043_90_120.png,5
a043_0_30.png,5
a043_150_180.png,5
a043_120_150.png,5
a043_30_60.png,5
a043_60_90.png,5
a039_0_30.png,5
a039_90_120.png,5
a039_120_150.png,5
a039_30_60.png,5
a039_60_90.png,5
a069_30_60.png,5
a069_60_90.png,5
a069_120_150.png,5
a069_90_120.png,5
a069_0_30.png,5
a068_0_30.png,5
a068_90_120.png,5
a068_150_180.png,5
a068_30_60.png,5
a068_60_90.png,5
a068_120_150.png,5
a097_210_240.png,5
a097_180_210.png,5
a097_60_90.png,5
a097_90_120.png,5
a097_150_180.png,5
a097_240_270.png,5
a097_0_30.png,5
a097_30_60.png,5
a097_120_150.png,5
a057_150_180.png,5
a057_30_60.png,5
a057_120_150.png,5
a057_60_90.png,5
a057_0_30.png,5
a057_90_120.png,5
a058_60_90.png,5
a058_30_60.png,5
a058_120_150.png,5
a058_150_180.png,5
a058_0_30.png,5
a058_90_120.png,5
a098_30_60.png,5
a098_150_180.png,5
a098_90_120.png,5
a098_240_270.png,5
a098_210_240.png,5
a098_270_300.png,5
a098_180_210.png,5
a098_0_30.png,5
a098_120_150.png,5
a098_60_90.png,5
a066_90_120.png,5
a066_30_60.png,5
a066_60_90.png,5
a066_0_30.png,5
a110_210_240.png,6
a110_60_90.png,6
a110_90_120.png,6
a110_270_300.png,6
a110_240_270.png,6
a110_120_150.png,6
a110_150_180.png,6
a110_180_210.png,6
a110_30_60.png,6
a105_270_300.png,6
a105_210_240.png,6
a105_90_120.png,6
a105_30_60.png,6
a105_150_180.png,6
a105_0_30.png,6
a105_180_210.png,6
a105_120_150.png,6
a116_0_30.png,6
a116_108_138.png,6
a116_138_168.png,6
a116_78_108.png,6
a116_48_78.png,6
b103_120_150.png,6
b103_0_30.png,6
b103_90_120.png,6
b103_60_90.png,6
b103_30_60.png,6
b106_30_60.png,6
b106_0_30.png,6
b106_90_120.png,6
b106_120_150.png,6
b106_150_180.png,6
b106_60_90.png,6
a050_150_180.png,6
a050_0_30.png,6
a050_120_150.png,6
a050_90_120.png,6
a050_60_90.png,6
a050_30_60.png,6
a051_30_60.png,6
a051_60_90.png,6
a051_90_120.png,6
a051_150_180.png,6
a051_120_150.png,6
a051_0_30.png,6
b086_60_90.png,6
b086_180_210.png,6
b086_0_30.png,6
b086_150_180.png,6
b086_90_120.png,6
b086_30_60.png,6
b086_210_240.png,6
b086_120_150.png,6
b084_180_210.png,6
b084_90_120.png,6
b084_0_30.png,6
b084_150_180.png,6
b084_120_150.png,6
b084_30_60.png,6
a038_30_60.png,7
a038_120_150.png,7
a038_90_120.png,7
a038_0_30.png,7
a038_60_90.png,7
a038_150_180.png,7
b031_60_90.png,7
b031_210_240.png,7
b031_180_210.png,7
b031_30_60.png,7
b031_0_30.png,7
b031_120_150.png,7
b031_90_120.png,7
b031_150_180.png,7
b030_90_120.png,7
b030_0_30.png,7
b030_270_300.png,7
b030_30_60.png,7
b030_210_240.png,7
b030_150_180.png,7
b030_240_270.png,7
b030_120_150.png,7
b030_180_210.png,7
b030_60_90.png,7
a030_60_90.png,7
a030_0_30.png,7
a030_90_120.png,7
a030_30_60.png,7
a030_120_150.png,7
a030_150_180.png,7
a036_150_180.png,7
a036_60_90.png,7
a036_30_60.png,7
a036_90_120.png,7
a036_120_150.png,7
a036_0_30.png,7
b029_90_120.png,7
b029_120_150.png,7
b029_180_210.png,7
b029_150_180.png,7
b029_210_240.png,7
b029_0_30.png,7
b029_60_90.png,7
b029_30_60.png,7
a034_0_30.png,7
a034_150_180.png,7
a034_90_120.png,7
a034_30_60.png,7
a034_60_90.png,7
a034_120_150.png,7
b044_90_120.png,7
b044_60_90.png,7
b044_0_30.png,7
b044_150_180.png,7
b044_120_150.png,7
b044_30_60.png,7
b037_210_240.png,8
b037_60_90.png,8
b037_150_180.png,8
b037_0_30.png,8
b037_120_150.png,8
b037_180_210.png,8
b036_60_90.png,8
b036_210_240.png,8
b036_0_30.png,8
b036_90_120.png,8
b036_180_210.png,8
b036_150_180.png,8
b035_0_30.png,8
b035_60_90.png,8
b035_30_60.png,8
b035_150_180.png,8
b035_180_210.png,8
b035_90_120.png,8
b035_120_150.png,8
b039_120_150.png,8
b039_150_180.png,8
b039_60_90.png,8
b039_90_120.png,8
b039_180_210.png,8
b039_0_30.png,8
b039_30_60.png,8
b039_210_240.png,8
b047_90_120.png,8
b047_60_90.png,8
b047_30_60.png,8
b047_0_30.png,8
b047_120_150.png,8
b042_120_150.png,8
b042_90_120.png,8
b042_180_210.png,8
b042_60_90.png,8
b042_0_30.png,8
b042_210_240.png,8
b042_30_60.png,8
b041_0_30.png,8
b041_30_60.png,8
b041_120_150.png,8
b041_150_180.png,8
b041_210_240.png,8
b041_180_210.png,8
b048_30_60.png,8
b048_150_180.png,8
b048_180_210.png,8
b048_60_90.png,8
b048_0_30.png,8
b048_90_120.png,8
b049_120_150.png,8
b049_150_180.png,8
b049_0_30.png,8
b049_90_120.png,8
b049_30_60.png,8
b049_60_90.png,8
b068_210_240.png,9
b068_30_60.png,9
b068_90_120.png,9
b068_0_30.png,9
b069_210_240.png,9
b069_120_150.png,9
b069_240_270.png,9
b069_150_180.png,9
b069_0_30.png,9
b069_180_210.png,9
b073_30_60.png,9
b073_60_90.png,9
b073_0_30.png,9
b073_90_120.png,9
b073_120_150.png,9
b073_150_180.png,9
b072_120_150.png,9
b072_60_90.png,9
b072_210_240.png,9
b072_180_210.png,9
b072_270_300.png,9
b072_90_120.png,9
b072_30_60.png,9
b072_0_30.png,9
b072_240_270.png,9
b072_150_180.png,9
b075_120_150.png,9
b075_0_30.png,9
b075_60_90.png,9
b075_150_180.png,9
b075_90_120.png,9
b075_30_60.png,9
a158_60_90.png,9
a158_0_30.png,9
a158_30_60.png,9
a155_270_300.png,9
a155_150_180.png,9
a155_210_240.png,9
a155_240_270.png,9
a155_180_210.png,9
a155_60_90.png,9
a155_120_150.png,9
a155_30_60.png,9
a155_0_30.png,9
a155_90_120.png,9
a157_0_30.png,9
a157_120_150.png,9
a157_60_90.png,9
a157_197_227.png,9
a157_167_197.png,9
a157_90_120.png,9
a089_240_270.png,9
a089_150_180.png,9
a089_120_150.png,9
a089_90_120.png,9
a089_60_90.png,9
a089_270_300.png,9
a089_0_30.png,9
a089_180_210.png,9
b113_0_30.png,10
b113_210_240.png,10
b113_30_60.png,10
b113_150_180.png,10
b113_90_120.png,10
b113_240_270.png,10
b113_270_300.png,10
b113_120_150.png,10
b113_60_90.png,10
b113_180_210.png,10
b116_180_210.png,10
b116_240_270.png,10
b116_60_90.png,10
b116_30_60.png,10
b116_120_150.png,10
b116_0_30.png,10
b116_150_180.png,10
b116_90_120.png,10
b053_120_150.png,10
b053_150_180.png,10
b053_60_90.png,10
b053_0_30.png,10
b053_240_270.png,10
b053_210_240.png,10
b053_90_120.png,10
b053_30_60.png,10
b053_180_210.png,10
b052_30_60.png,10
b052_0_30.png,10
b052_150_180.png,10
b052_180_210.png,10
b052_90_120.png,10
b052_120_150.png,10
b054_0_30.png,10
b054_150_180.png,10
b054_90_120.png,10
b054_60_90.png,10
b054_30_60.png,10
b054_180_210.png,10
b054_210_240.png,10
b054_120_150.png,10
a121_120_150.png,10
a121_210_240.png,10
a121_150_180.png,10
a121_180_210.png,10
a121_240_270.png,10
a121_270_300.png,10
a121_60_90.png,10
a121_0_30.png,10
a121_90_120.png,10
a122_0_30.png,10
a122_240_270.png,10
a122_150_180.png,10
a122_30_60.png,10
a122_180_210.png,10
a122_120_150.png,10
a122_60_90.png,10
a122_270_300.png,10
a122_210_240.png,10
b016_120_150.png,11
b016_150_180.png,11
b016_30_60.png,11
b016_90_120.png,11
b016_60_90.png,11
b016_180_210.png,11
b016_0_30.png,11
b018_60_90.png,11
b018_90_120.png,11
b018_30_60.png,11
b018_0_30.png,11
b018_180_210.png,11
b018_120_150.png,11
b023_90_120.png,11
b023_30_60.png,11
b023_150_180.png,11
b023_0_30.png,11
b023_60_90.png,11
b023_180_210.png,11
b015_60_90.png,11
b015_30_60.png,11
b015_0_30.png,11
b015_90_120.png,11
b015_150_180.png,11
b015_180_210.png,11
b015_120_150.png,11
a027_60_90.png,11
a027_0_30.png,11
a027_30_60.png,11
a027_180_210.png,11
a027_150_180.png,11
a027_90_120.png,11
a021_150_180.png,11
a021_90_120.png,11
a021_180_210.png,11
a021_30_60.png,11
a021_120_150.png,11
a021_0_30.png,11
a021_60_90.png,11
a020_0_30.png,11
a020_90_120.png,11
a020_30_60.png,11
a020_162_192.png,11
a020_60_90.png,11
a022_0_30.png,11
a022_180_210.png,11
a022_150_180.png,11
a022_30_60.png,11
a022_120_150.png,11
a022_60_90.png,11
a022_90_120.png,11
a019_120_150.png,11
a019_90_120.png,11
a019_0_30.png,11
a019_60_90.png,11
a019_180_210.png,11
a019_150_180.png,11
a019_30_60.png,11
b003_90_120.png,12
b003_0_30.png,12
b003_120_150.png,12
b003_30_60.png,12
b003_150_180.png,12
b003_60_90.png,12
b003_180_210.png,12
b007_120_150.png,12
b007_0_30.png,12
b007_150_180.png,12
b007_60_90.png,12
b007_30_60.png,12
b007_180_210.png,12
b007_90_120.png,12
b004_60_90.png,12
b004_90_120.png,12
b004_30_60.png,12
b004_0_30.png,12
b004_120_150.png,12
b005_60_90.png,12
b005_30_60.png,12
b005_90_120.png,12
b005_150_180.png,12
b005_0_30.png,12
a010_90_120.png,12
a010_60_90.png,12
a010_0_30.png,12
a010_150_180.png,12
a010_120_150.png,12
a010_180_210.png,12
b009_180_210.png,12
b009_120_150.png,12
b009_0_30.png,12
b009_150_180.png,12
b009_90_120.png,12
b009_30_60.png,12
b009_60_90.png,12
a003_90_120.png,12
a003_210_240.png,12
a003_60_90.png,12
a003_180_210.png,12
a003_150_180.png,12
a003_120_150.png,12
a003_30_60.png,12
a003_0_30.png,12
a009_60_90.png,12
a009_120_150.png,12
a009_0_30.png,12
a009_150_180.png,12
a009_180_210.png,12
a009_30_60.png,12
a009_90_120.png,12
a012_30_60.png,12
a012_150_180.png,12
a012_180_210.png,12
a012_60_90.png,12
a012_90_120.png,12
a012_0_30.png,12
a012_120_150.png,12
a092_270_300.png,13
a092_0_30.png,13
a092_180_210.png,13
a092_60_90.png,13
a092_150_180.png,13
a092_30_60.png,13
a092_120_150.png,13
b060_90_120.png,13
b060_30_60.png,13
b060_60_90.png,13
b060_0_30.png,13
b062_60_90.png,13
b062_0_30.png,13
b062_30_60.png,13
b062_90_120.png,13
b064_240_270.png,13
b064_90_120.png,13
b064_120_150.png,13
b064_150_180.png,13
b064_60_90.png,13
b064_0_30.png,13
b064_210_240.png,13
b064_30_60.png,13
b067_60_90.png,13
b067_90_120.png,13
b067_0_30.png,13
b067_120_150.png,13
b067_150_180.png,13
a144_90_120.png,13
a144_60_90.png,13
a144_180_210.png,13
a144_120_150.png,13
a144_0_30.png,13
a144_210_240.png,13
a144_30_60.png,13
a144_240_270.png,13
a144_270_300.png,13
b059_195_225.png,13
b059_30_60.png,13
b059_90_120.png,13
b059_60_90.png,13
b059_165_195.png,13
b059_135_165.png,13
a074_150_180.png,13
a074_0_30.png,13
a074_90_120.png,13
a074_240_270.png,13
a074_30_60.png,13
a074_120_150.png,13
a074_60_90.png,13
a074_210_240.png,13
a074_180_210.png,13
a075_60_90.png,13
a075_0_30.png,13
a075_240_270.png,13
a075_180_210.png,13
a075_120_150.png,13
a075_90_120.png,13
a075_30_60.png,13
a075_150_180.png,13
b079_210_240.png,14
b079_120_150.png,14
b079_60_90.png,14
b079_30_60.png,14
b079_180_210.png,14
b079_0_30.png,14
b079_150_180.png,14
b079_90_120.png,14
b078_120_150.png,14
b078_0_30.png,14
b078_60_90.png,14
b078_90_120.png,14
b078_150_180.png,14
b078_180_210.png,14
a079_30_60.png,14
a079_210_240.png,14
a079_60_90.png,14
a079_180_210.png,14
a079_120_150.png,14
a079_270_300.png,14
a079_150_180.png,14
a154_0_30.png,14
a154_90_120.png,14
a154_270_300.png,14
a154_30_60.png,14
a154_120_150.png,14
a154_180_210.png,14
a154_60_90.png,14
a154_150_180.png,14
a149_270_300.png,14
a149_150_180.png,14
a149_180_210.png,14
a149_90_120.png,14
a149_240_270.png,14
a149_60_90.png,14
a151_60_90.png,14
a151_180_210.png,14
a151_120_150.png,14
a151_240_270.png,14
a151_210_240.png,14
a151_150_180.png,14
a151_90_120.png,14
b080_90_120.png,14
b080_210_240.png,14
b080_180_210.png,14
b080_261_291.png,14
b080_60_90.png,14
b080_150_180.png,14
b080_120_150.png,14
a153_240_270.png,14
a153_270_300.png,14
a153_150_180.png,14
a153_60_90.png,14
a153_120_150.png,14
a152_180_210.png,14
a152_30_60.png,14
a152_210_240.png,14
a152_0_30.png,14
a152_60_90.png,14
a152_90_120.png,14